;Scopy version,8ade0b5a
;Exported on,Friday March 21/03/2025
;Device,M2K
;Nr of samples,1000
;Sample rate,0
;Tool,Network Analyzer
;Additional Information,Reference channel: 1
Sample,Frequency(Hz),Magnitude(dB),Phase(Â°)
0,100,8.82757,11.7033
1,100.926,8.63272,11.4554
2,101.861,8.68125,11.1605
3,102.804,8.67986,11.263
4,103.757,8.69299,11.1358
5,104.718,8.69033,11.0613
6,105.688,8.72389,11.9435
7,106.666,8.66634,10.7497
8,107.654,8.69696,10.7172
9,108.652,8.69751,10.6239
10,109.658,8.70453,10.4639
11,110.674,8.72543,10.4415
12,111.699,8.73008,11.1288
13,112.733,8.70488,10.3466
14,113.777,8.69639,10.1638
15,114.831,8.68727,10.0717
16,115.895,8.72828,9.95738
17,116.968,8.71988,9.60454
18,118.052,8.78274,10.4136
19,119.145,8.71287,9.7041
20,120.249,8.71992,9.50926
21,121.362,8.6897,9.46856
22,122.486,8.78828,10.0759
23,123.621,8.72279,9.3409
24,124.766,8.72199,9.23728
25,125.922,8.7356,9.14163
26,127.088,8.72805,9.12247
27,128.265,8.73947,9.1192
28,129.453,8.73673,8.88741
29,130.652,8.72587,8.81684
30,131.862,8.72986,8.5386
31,133.083,8.73704,8.53031
32,134.316,8.72829,8.74361
33,135.56,8.73195,8.61956
34,136.816,8.75169,8.32034
35,138.083,8.73706,8.08923
36,139.362,8.75534,8.44296
37,140.653,8.74896,8.06475
38,141.955,8.76731,7.87364
39,143.27,8.7854,8.08886
40,144.597,8.74138,7.82052
41,145.937,8.76403,7.89079
42,147.288,8.74471,7.80166
43,148.652,8.76498,7.69621
44,150.029,8.76683,7.72216
45,151.419,8.75478,7.44994
46,152.821,8.77084,7.74227
47,154.237,8.75234,7.35424
48,155.665,8.75837,7.26888
49,157.107,8.76622,7.22787
50,158.562,8.74613,7.25284
51,160.031,8.79536,7.12984
52,161.513,8.75755,7.17547
53,163.009,8.78758,7.09751
54,164.519,8.75785,6.93804
55,166.043,8.76188,6.99318
56,167.581,8.78855,6.70781
57,169.133,8.76,6.80082
58,170.699,8.75999,6.68116
59,172.281,8.76049,6.64643
60,173.876,8.78174,6.56181
61,175.487,8.74164,6.59671
62,177.112,8.76856,6.20724
63,178.753,8.77257,6.45537
64,180.408,8.81968,6.27279
65,182.079,8.78215,6.33369
66,183.766,8.75958,6.23995
67,185.468,8.7821,6.34448
68,187.186,8.80502,6.05579
69,188.919,8.82433,6.05757
70,190.669,8.74936,5.94851
71,192.435,8.80563,5.60631
72,194.217,8.75356,5.72222
73,196.016,8.83907,5.56403
74,197.832,8.81109,5.63382
75,199.664,8.79532,5.56958
76,201.514,8.79675,5.55901
77,203.38,8.80396,5.5708
78,205.264,8.83065,5.46899
79,207.165,8.79227,5.27378
80,209.084,8.77081,5.27549
81,211.02,8.79817,5.4504
82,212.975,8.80904,5.3866
83,214.947,8.81837,4.97484
84,216.938,8.80731,5.13917
85,218.948,8.81208,5.12066
86,220.976,8.78731,4.91853
87,223.022,8.83105,5.10477
88,225.088,8.82921,4.67407
89,227.173,8.82124,4.65388
90,229.277,8.81028,4.89851
91,231.401,8.78909,4.82114
92,233.544,8.81669,4.83724
93,235.707,8.81796,4.40041
94,237.89,8.8122,4.45118
95,240.093,8.79835,4.6179
96,242.317,8.79012,4.43725
97,244.562,8.81002,4.64852
98,246.827,8.81563,4.2228
99,249.113,8.81815,4.42363
100,251.42,8.78908,4.38766
101,253.749,8.82748,4.43366
102,256.099,8.80915,4.19
103,258.471,8.82638,4.0919
104,260.865,8.78862,4.04168
105,263.282,8.82943,3.75026
106,265.72,8.80634,4.04555
107,268.181,8.79706,4.02983
108,270.665,8.8534,4.12833
109,273.172,8.81723,3.9419
110,275.702,8.82809,4.05686
111,278.256,8.85782,4.031
112,280.833,8.81256,3.75701
113,283.434,8.82137,3.88176
114,286.06,8.88815,3.77879
115,288.709,8.82841,3.71464
116,291.383,8.86003,3.48014
117,294.082,8.83118,3.59756
118,296.806,8.82423,3.71909
119,299.555,8.87432,3.62398
120,302.329,8.82031,3.49232
121,305.13,8.8552,3.22928
122,307.956,8.85851,3.62887
123,310.808,8.82072,3.44731
124,313.687,8.87102,3.38512
125,316.592,8.81528,3.36711
126,319.525,8.85081,3.376
127,322.484,8.81211,3.2191
128,325.471,8.8342,3.30129
129,328.486,8.79869,3.30498
130,331.528,8.82145,3.192
131,334.599,8.87454,3.17321
132,337.698,8.82728,3.11396
133,340.826,8.79965,3.10584
134,343.983,8.83026,2.97767
135,347.169,8.79764,2.79348
136,350.384,8.84038,2.91515
137,353.63,8.80541,2.92602
138,356.905,8.82251,2.89536
139,360.211,8.8456,2.906
140,363.547,8.83234,2.77016
141,366.914,8.85228,2.8091
142,370.313,8.83289,2.67912
143,373.743,8.8624,2.51829
144,377.204,8.83296,2.70652
145,380.698,8.86833,2.3487
146,384.224,8.84314,2.56708
147,387.783,8.81664,2.67054
148,391.375,8.84437,2.57374
149,395,8.87397,2.24549
150,398.658,8.84972,2.46878
151,402.351,8.80459,2.11225
152,406.077,8.86441,2.34739
153,409.838,8.88522,2.49998
154,413.634,8.86964,2.17486
155,417.466,8.87725,1.84841
156,421.332,8.87977,2.1162
157,425.235,8.84687,2.21817
158,429.173,8.85028,2.34974
159,433.148,8.85345,2.1709
160,437.16,8.78583,2.19809
161,441.209,8.87288,1.97719
162,445.296,8.80152,1.65991
163,449.42,8.81315,2.13362
164,453.583,8.85079,1.93932
165,457.784,8.79333,2.00226
166,462.024,8.85898,1.7906
167,466.303,8.7822,1.50437
168,470.622,8.85565,1.57351
169,474.981,8.84955,1.78215
170,479.381,8.79516,1.98289
171,483.821,8.85279,1.54335
172,488.302,8.91083,1.97381
173,492.825,8.87805,1.40589
174,497.39,8.84747,1.55884
175,501.997,8.90147,1.6037
176,506.646,8.8565,1.36016
177,511.339,8.84298,1.48919
178,516.075,8.86929,1.8562
179,520.855,8.82482,1.31073
180,525.679,8.84051,1.49381
181,530.548,8.89487,1.36266
182,535.462,8.8659,1.59752
183,540.422,8.84361,1.38452
184,545.427,8.81741,1.03628
185,550.479,8.82932,1.20819
186,555.578,8.89248,1.60599
187,560.723,8.84179,0.933144
188,565.917,8.81402,1.26839
189,571.159,8.84318,1.26102
190,576.449,8.88747,0.943848
191,581.788,8.81598,1.31125
192,587.177,8.84149,1.15595
193,592.615,8.81056,1.44377
194,598.104,8.8022,1.04449
195,603.644,8.83649,1.18303
196,609.235,8.81806,0.71535
197,614.878,8.80305,1.14328
198,620.573,8.84319,1.15796
199,626.321,8.78375,0.882437
200,632.122,8.79206,1.13305
201,637.977,8.82545,1.07227
202,643.886,8.84151,0.967915
203,649.85,8.81196,1.23841
204,655.869,8.79865,0.991682
205,661.943,8.84962,1.02202
206,668.074,8.82547,0.429988
207,674.262,8.81645,1.1548
208,680.507,8.87335,0.954636
209,686.81,8.84951,0.805881
210,693.172,8.85338,1.18261
211,699.592,8.8391,1.03826
212,706.072,8.87715,0.769338
213,712.612,8.85933,0.641062
214,719.212,8.86509,0.210924
215,725.873,8.8678,0.968564
216,732.597,8.88686,0.609431
217,739.382,8.85501,0.547753
218,746.23,8.90965,0.469454
219,753.142,8.85927,0.114571
220,760.118,8.82157,0.289395
221,767.158,8.83592,0.447576
222,774.264,8.8047,0.123565
223,781.435,8.82608,-0.0149247
224,788.673,8.79976,0.30765
225,795.978,8.83193,0.294192
226,803.35,8.78727,0.444476
227,810.791,8.79291,0.519253
228,818.301,8.79926,0.348786
229,825.88,8.82933,0.39961
230,833.529,8.80045,0.0128721
231,841.25,8.80271,0.59793
232,849.042,8.82921,0.54648
233,856.906,8.85111,0.42288
234,864.842,8.85743,0.177468
235,872.853,8.82358,-0.233727
236,880.937,8.86053,0.543221
237,889.097,8.89038,0.304709
238,897.332,8.8891,0.0753054
239,905.643,8.85345,-0.0669215
240,914.031,8.8285,0.331437
241,922.497,8.92257,-0.0733162
242,931.041,8.90563,-0.225401
243,939.665,8.87133,-0.319144
244,948.368,8.84263,-0.216651
245,957.152,8.87458,0.182982
246,966.017,8.89173,-0.502939
247,974.965,8.83545,-0.639716
248,983.995,8.80122,-0.198482
249,993.109,8.8185,-0.242428
250,1002.31,8.83578,-0.434266
251,1011.59,8.85588,-0.410162
252,1020.96,8.85468,-0.395028
253,1030.42,8.84719,-0.389163
254,1039.96,8.85792,-0.402993
255,1049.59,8.83625,-0.34131
256,1059.31,8.83314,-0.468451
257,1069.13,8.85144,-0.474184
258,1079.03,8.83012,-0.330937
259,1089.02,8.85511,-0.407175
260,1099.11,8.84945,-0.504098
261,1109.29,8.85402,-0.485128
262,1119.56,8.83943,-0.550422
263,1129.93,8.82578,-0.568996
264,1140.4,8.84906,-0.749762
265,1150.96,8.84308,-0.807363
266,1161.62,8.85508,-0.701079
267,1172.38,8.82947,-0.762077
268,1183.24,8.86854,-0.694747
269,1194.2,8.84669,-0.807016
270,1205.26,8.84997,-0.756915
271,1216.42,8.83351,-0.594585
272,1227.69,8.8256,-0.84283
273,1239.06,8.84805,-0.903637
274,1250.54,8.86496,-0.892953
275,1262.12,8.84529,-0.915563
276,1273.81,8.84334,-0.986594
277,1285.61,8.83975,-1.03737
278,1297.52,8.84549,-0.902517
279,1309.54,8.82742,-0.895413
280,1321.66,8.83358,-0.953262
281,1333.91,8.83961,-1.18509
282,1346.26,8.83266,-0.946164
283,1358.73,8.84062,-1.11299
284,1371.31,8.84405,-0.9645
285,1384.02,8.83729,-1.25499
286,1396.84,8.83008,-1.2094
287,1409.77,8.85878,-1.09661
288,1422.83,8.83843,-1.12066
289,1436.01,8.83651,-1.32606
290,1449.31,8.8408,-1.3773
291,1462.73,8.8438,-1.33158
292,1476.28,8.84365,-1.23287
293,1489.96,8.83137,-1.29164
294,1503.76,8.83323,-1.46273
295,1517.68,8.83886,-1.48795
296,1531.74,8.82237,-1.41059
297,1545.93,8.82739,-1.48649
298,1560.25,8.83338,-1.51418
299,1574.7,8.83006,-1.5149
300,1589.28,8.83317,-1.74054
301,1604,8.8187,-1.59728
302,1618.86,8.84734,-1.55786
303,1633.85,8.82138,-1.59585
304,1648.99,8.83375,-1.73734
305,1664.26,8.8312,-1.69812
306,1679.67,8.83195,-1.71278
307,1695.23,8.85376,-1.55627
308,1710.93,8.8565,-1.75682
309,1726.78,8.81103,-1.73877
310,1742.77,8.81641,-1.68817
311,1758.92,8.84142,-1.67979
312,1775.21,8.84013,-2.00285
313,1791.65,8.81706,-1.75636
314,1808.24,8.84757,-1.97202
315,1824.99,8.84112,-2.01294
316,1841.9,8.80747,-2.09347
317,1858.96,8.83973,-1.91045
318,1876.17,8.81954,-2.17134
319,1893.55,8.80469,-2.0349
320,1911.09,8.84124,-2.00878
321,1928.79,8.81843,-2.2946
322,1946.66,8.82562,-1.93279
323,1964.69,8.82697,-2.39997
324,1982.88,8.8538,-2.18612
325,2001.25,8.81694,-2.4946
326,2019.79,8.81874,-2.24754
327,2038.49,8.82592,-2.37654
328,2057.37,8.82188,-2.24945
329,2076.43,8.81227,-2.41309
330,2095.66,8.85693,-2.41381
331,2115.07,8.84393,-2.26351
332,2134.66,8.82298,-2.62094
333,2154.43,8.83676,-2.28657
334,2174.39,8.83248,-2.71897
335,2194.53,8.82297,-2.58483
336,2214.86,8.80944,-2.64526
337,2235.37,8.82159,-2.70456
338,2256.07,8.8112,-2.8081
339,2276.97,8.82165,-2.8782
340,2298.06,8.79889,-2.64113
341,2319.35,8.80801,-2.70435
342,2340.83,8.80552,-2.90272
343,2362.51,8.80557,-2.63149
344,2384.39,8.78412,-3.06602
345,2406.48,8.81263,-2.97985
346,2428.76,8.80637,-3.02646
347,2451.26,8.82303,-2.97192
348,2473.96,8.80866,-3.15685
349,2496.88,8.80114,-3.03441
350,2520,8.78604,-3.0551
351,2543.35,8.81283,-3.25779
352,2566.9,8.82207,-2.91305
353,2590.68,8.79907,-3.2134
354,2614.67,8.79711,-3.30586
355,2638.89,8.76251,-3.13063
356,2663.33,8.79375,-3.2941
357,2688,8.78802,-3.39649
358,2712.9,8.83016,-3.29438
359,2738.03,8.78978,-3.39583
360,2763.39,8.78547,-3.4678
361,2788.98,8.77082,-3.62171
362,2814.81,8.78826,-3.50425
363,2840.88,8.77833,-3.62147
364,2867.2,8.8006,-3.80582
365,2893.75,8.78233,-3.62755
366,2920.56,8.79121,-3.75755
367,2947.61,8.80985,-3.8756
368,2974.91,8.80512,-3.77888
369,3002.46,8.79417,-3.93489
370,3030.27,8.7857,-3.88394
371,3058.34,8.77544,-3.971
372,3086.66,8.77628,-4.11289
373,3115.25,8.76883,-3.98989
374,3144.11,8.75177,-3.82419
375,3173.23,8.77872,-4.02068
376,3202.62,8.78679,-4.19301
377,3232.28,8.77594,-3.72927
378,3262.22,8.77867,-4.00511
379,3292.44,8.82062,-4.27589
380,3322.93,8.77435,-4.28526
381,3353.71,8.74812,-4.41008
382,3384.77,8.77101,-4.33449
383,3416.12,8.74489,-4.38973
384,3447.76,8.77193,-4.35644
385,3479.7,8.74514,-4.4759
386,3511.93,8.71939,-4.18589
387,3544.46,8.77075,-4.65279
388,3577.29,8.70568,-4.64266
389,3610.42,8.78527,-4.72642
390,3643.86,8.7922,-4.88582
391,3677.61,8.74204,-4.82135
392,3711.67,8.8133,-4.40548
393,3746.05,8.74106,-4.66432
394,3780.75,8.80806,-5.02386
395,3815.76,8.77214,-4.70768
396,3851.11,8.80131,-5.13804
397,3886.78,8.78331,-5.14667
398,3922.78,8.68512,-4.73444
399,3959.11,8.73631,-4.77538
400,3995.78,8.75222,-5.16714
401,4032.79,8.77497,-4.83697
402,4070.14,8.73598,-5.24709
403,4107.84,8.68906,-5.20506
404,4145.89,8.74411,-5.39908
405,4184.29,8.804,-5.30128
406,4223.04,8.75288,-5.21078
407,4262.16,8.66624,-5.59029
408,4301.64,8.7011,-5.62722
409,4341.48,8.75137,-5.53974
410,4381.69,8.72158,-5.88699
411,4422.27,8.75238,-5.69887
412,4463.23,8.80493,-5.7106
413,4504.57,8.6985,-5.66059
414,4546.3,8.67377,-5.29061
415,4588.4,8.72624,-6.0642
416,4630.9,8.73145,-6.0088
417,4673.8,8.73028,-6.22838
418,4717.08,8.73069,-6.14869
419,4760.78,8.72957,-6.06274
420,4804.87,8.78537,-5.95001
421,4849.37,8.73671,-6.12232
422,4894.29,8.7322,-6.52805
423,4939.62,8.72188,-5.91909
424,4985.37,8.71805,-6.41037
425,5031.55,8.70943,-5.96379
426,5078.15,8.7085,-6.57958
427,5125.19,8.71418,-6.5412
428,5172.66,8.64644,-6.56678
429,5220.57,8.671,-6.60344
430,5268.92,8.76169,-6.56627
431,5317.72,8.75859,-6.61184
432,5366.98,8.69975,-6.91729
433,5416.69,8.72155,-6.40851
434,5466.86,8.66556,-6.58022
435,5517.49,8.69651,-7.06075
436,5568.6,8.63545,-6.74396
437,5620.17,8.63283,-6.96604
438,5672.23,8.66945,-7.31524
439,5724.77,8.75406,-7.39063
440,5777.79,8.63315,-7.06208
441,5831.31,8.64535,-7.36853
442,5885.32,8.62231,-7.20177
443,5939.83,8.69702,-7.78552
444,5994.84,8.63056,-7.63695
445,6050.37,8.67038,-7.67407
446,6106.41,8.6363,-7.25196
447,6162.97,8.65441,-8.01018
448,6220.05,8.69384,-7.83499
449,6277.66,8.73375,-7.99045
450,6335.8,8.61833,-8.23121
451,6394.49,8.65841,-7.72452
452,6453.72,8.63875,-8.54345
453,6513.49,8.62441,-7.7086
454,6573.82,8.66092,-8.40289
455,6634.71,8.65642,-8.44486
456,6696.16,8.59023,-8.28362
457,6758.18,8.70802,-8.63578
458,6820.78,8.66008,-8.64934
459,6883.95,8.64945,-8.62352
460,6947.71,8.7132,-8.88572
461,7012.06,8.57082,-8.66644
462,7077.01,8.66865,-8.54122
463,7142.56,8.639,-8.96257
464,7208.72,8.69038,-9.26648
465,7275.48,8.6594,-9.32348
466,7342.87,8.64007,-9.29162
467,7410.88,8.62433,-8.90954
468,7479.52,8.62856,-8.81294
469,7548.8,8.6262,-9.59211
470,7618.72,8.63043,-9.16104
471,7689.28,8.61728,-9.58516
472,7760.5,8.59957,-9.17283
473,7832.38,8.59611,-10.0203
474,7904.93,8.60538,-10.0698
475,7978.14,8.61393,-9.94621
476,8052.04,8.67955,-10.069
477,8126.62,8.62723,-10.3818
478,8201.89,8.60358,-10.2545
479,8277.86,8.59513,-10.3174
480,8354.53,8.55376,-10.0827
481,8431.91,8.61457,-9.94197
482,8510.01,8.65985,-10.2019
483,8588.83,8.54251,-10.7779
484,8668.38,8.57852,-10.5744
485,8748.67,8.54111,-11.2465
486,8829.7,8.60804,-10.4023
487,8911.48,8.50031,-10.9973
488,8994.02,8.60403,-10.6504
489,9077.33,8.5893,-11.1197
490,9161.4,8.65575,-11.3264
491,9246.26,8.62061,-11.4935
492,9331.9,8.62472,-10.9744
493,9418.33,8.57741,-11.6423
494,9505.57,8.56444,-11.6813
495,9593.61,8.63728,-11.5929
496,9682.47,8.53102,-11.4178
497,9772.15,8.48327,-11.5941
498,9862.66,8.53037,-12.3685
499,9954.01,8.55247,-12.2413
500,10046.2,8.54235,-12.2036
501,10139.3,8.55076,-12.2172
502,10233.2,8.53226,-12.381
503,10327.9,8.53794,-12.5514
504,10423.6,8.52368,-12.6783
505,10520.2,8.52265,-12.7121
506,10617.6,8.52092,-12.9043
507,10715.9,8.49977,-12.8964
508,10815.2,8.51376,-13.2407
509,10915.4,8.52415,-13.3525
510,11016.5,8.5122,-13.2576
511,11118.5,8.50203,-13.4811
512,11221.5,8.49941,-13.5254
513,11325.4,8.47665,-13.7042
514,11430.3,8.48121,-13.7944
515,11536.2,8.48608,-14.063
516,11643,8.49407,-14.0563
517,11750.9,8.46953,-14.186
518,11859.7,8.49491,-14.2708
519,11969.6,8.49074,-14.3777
520,12080.4,8.45675,-14.6537
521,12192.3,8.45992,-14.6134
522,12305.2,8.45608,-14.5759
523,12419.2,8.4711,-14.8633
524,12534.2,8.44132,-15.1652
525,12650.3,8.44447,-15.1009
526,12767.5,8.41622,-15.338
527,12885.8,8.43932,-15.4299
528,13005.1,8.44119,-15.6868
529,13125.6,8.43731,-15.7065
530,13247.1,8.43015,-15.9661
531,13369.8,8.42078,-15.9815
532,13493.7,8.41043,-15.995
533,13618.7,8.37399,-16.263
534,13744.8,8.40742,-16.3751
535,13872.1,8.40087,-16.3865
536,14000.6,8.35437,-16.4385
537,14130.3,8.3677,-16.6146
538,14261.1,8.39391,-16.8814
539,14393.2,8.412,-17.2569
540,14526.5,8.37879,-17.3349
541,14661.1,8.36968,-17.4235
542,14796.9,8.37655,-17.5386
543,14933.9,8.31675,-17.3794
544,15072.3,8.31275,-17.7823
545,15211.9,8.35665,-17.7017
546,15352.8,8.33628,-18.0599
547,15495,8.34845,-18.211
548,15638.5,8.31188,-18.4716
549,15783.3,8.33725,-18.7585
550,15929.5,8.32321,-18.8567
551,16077,8.31124,-18.8394
552,16226,8.31817,-19.0514
553,16376.2,8.31032,-19.1486
554,16527.9,8.30404,-19.3141
555,16681,8.2715,-19.5696
556,16835.5,8.25273,-19.9826
557,16991.4,8.27254,-19.4605
558,17148.8,8.26839,-20.2642
559,17307.7,8.24633,-20.3538
560,17468,8.24911,-20.3939
561,17629.8,8.26707,-20.5821
562,17793,8.21439,-20.665
563,17957.8,8.21944,-20.6721
564,18124.2,8.25747,-21.0761
565,18292,8.21992,-21.3472
566,18461.5,8.20064,-21.3016
567,18632.5,8.2146,-21.6949
568,18805,8.22848,-21.5638
569,18979.2,8.21264,-21.8571
570,19155,8.18256,-22.1122
571,19332.4,8.18593,-22.1853
572,19511.5,8.18407,-22.6839
573,19692.2,8.19346,-22.6737
574,19874.6,8.18292,-23.0327
575,20058.7,8.17173,-22.9349
576,20244.5,8.15195,-23.6787
577,20432,8.06897,-23.4918
578,20621.2,8.12662,-22.9518
579,20812.2,8.13855,-23.78
580,21005,8.12063,-24.186
581,21199.5,8.10946,-23.9204
582,21395.9,8.15527,-24.5521
583,21594.1,8.08093,-24.8852
584,21794.1,8.13519,-24.3122
585,21995.9,8.09175,-24.8065
586,22199.7,8.07174,-25.3148
587,22405.3,8.08475,-25.5103
588,22612.8,8.10984,-25.4754
589,22822.2,8.10127,-25.602
590,23033.6,7.94608,-25.7813
591,23247,8.03129,-26.4072
592,23462.3,8.03008,-26.5135
593,23679.6,7.96312,-27.0451
594,23898.9,8.02161,-27.5464
595,24120.3,8.01946,-26.5389
596,24343.7,7.99721,-27.531
597,24569.2,8.01829,-27.6744
598,24796.7,7.99789,-28.393
599,25026.4,8.04895,-27.7167
600,25258.2,7.93613,-28.3092
601,25492.1,7.97484,-28.8631
602,25728.3,7.87714,-29.1626
603,25966.6,7.91566,-29.2779
604,26207.1,7.92857,-29.3885
605,26449.8,7.92793,-30.1315
606,26694.8,7.9043,-30.678
607,26942,7.89657,-30.411
608,27191.6,7.8601,-31.0034
609,27443.4,7.81368,-31.2412
610,27697.6,7.86553,-30.8433
611,27954.2,7.86665,-31.1122
612,28213.1,7.76555,-30.6082
613,28474.4,7.8241,-31.9921
614,28738.1,7.74789,-31.9827
615,29004.3,7.85653,-33.053
616,29272.9,7.74403,-32.3021
617,29544.1,7.83875,-32.9474
618,29817.7,7.75331,-33.1768
619,30093.9,7.66988,-33.0886
620,30372.6,7.78162,-33.4931
621,30654,7.70692,-33.9173
622,30937.9,7.7613,-34.7295
623,31224.4,7.67563,-34.7151
624,31513.6,7.66511,-35.4037
625,31805.5,7.72601,-35.0435
626,32100.1,7.61334,-35.8092
627,32397.4,7.47796,-36.1973
628,32697.5,7.61257,-36.1859
629,33000.3,7.6675,-36.4227
630,33306,7.57783,-36.9461
631,33614.5,7.45955,-36.9835
632,33925.8,7.56271,-38.8107
633,34240.1,7.46504,-37.4741
634,34557.2,7.47349,-36.9129
635,34877.3,7.49433,-38.3906
636,35200.3,7.43888,-39.6377
637,35526.3,7.54235,-39.2471
638,35855.4,7.33201,-38.6441
639,36187.5,7.43758,-39.5215
640,36522.7,7.38685,-39.8206
641,36861,7.44421,-40.7847
642,37202.4,7.56204,-41.0946
643,37546.9,7.32918,-41.4498
644,37894.7,7.24634,-41.6428
645,38245.7,7.40331,-42.2283
646,38599.9,7.14256,-43.5102
647,38957.5,7.30973,-42.3262
648,39318.3,7.18037,-42.8854
649,39682.5,7.34414,-44.09
650,40050,7.05148,-42.9201
651,40421,7.15713,-44.9652
652,40795.3,7.19468,-44.9055
653,41173.2,7.08517,-45.0831
654,41554.6,7.14314,-45.6029
655,41939.4,7.32981,-46.1661
656,42327.9,7.16882,-46.8149
657,42719.9,7.26699,-47.7241
658,43115.6,7.03148,-48.2741
659,43515,6.9856,-49.0641
660,43918,7.09925,-49.2443
661,44324.8,6.95816,-48.9881
662,44735.3,7.14716,-49.4904
663,45149.7,7.02375,-49.2368
664,45567.9,7.07141,-49.3717
665,45989.9,6.82419,-51.2417
666,46415.9,6.86489,-51.2662
667,46845.8,6.83478,-52.7574
668,47279.7,6.89996,-51.8092
669,47717.6,6.61988,-52.5027
670,48159.6,6.94897,-53.3587
671,48605.6,6.75377,-53.2131
672,49055.8,6.46378,-52.8457
673,49510.2,6.58241,-54.2929
674,49968.8,6.64024,-55.0723
675,50431.6,6.53051,-56.6892
676,50898.7,6.54907,-56.5889
677,51370.1,6.54619,-55.4973
678,51845.9,6.33926,-56.6118
679,52326.1,6.3859,-57.6119
680,52810.8,6.41641,-58.4968
681,53299.9,6.215,-58.9226
682,53793.6,6.44689,-59.6075
683,54291.9,6.30179,-58.7347
684,54794.7,6.13484,-61.2954
685,55302.2,6.2734,-61.58
686,55814.5,6.30308,-62.4337
687,56331.4,6.34731,-62.4002
688,56853.2,6.10245,-63.3273
689,57379.8,6.18241,-62.4644
690,57911.2,5.89409,-63.3645
691,58447.6,5.90948,-64.7003
692,58989,6.02032,-65.4151
693,59535.3,5.85851,-67.317
694,60086.8,5.87163,-66.1605
695,60643.3,5.94396,-67.1807
696,61205,5.76537,-67.57
697,61771.9,5.69283,-67.4123
698,62344,5.74136,-69.4755
699,62921.5,5.74933,-69.7386
700,63504.3,5.58383,-69.9916
701,64092.4,5.50327,-71.4238
702,64686.1,5.59406,-71.5164
703,65285.2,5.4325,-72.4027
704,65889.9,5.35147,-72.1954
705,66500.2,5.39633,-74.3672
706,67116.1,5.3953,-75.2694
707,67737.8,5.42969,-75.6356
708,68365.2,5.21739,-77.2751
709,68998.4,5.08562,-76.8486
710,69637.4,5.22387,-77.533
711,70282.4,4.92812,-78.8567
712,70933.4,4.8987,-79.1458
713,71590.4,4.86612,-80.745
714,72253.5,4.6604,-81.1674
715,72922.7,4.61457,-80.5222
716,73598.1,4.78921,-82.0209
717,74279.8,4.80837,-82.9882
718,74967.8,4.70129,-83.9519
719,75662.2,4.32425,-83.8593
720,76363,4.3006,-85.3368
721,77070.3,4.53341,-87.1793
722,77784.1,4.13525,-88.0261
723,78504.6,4.30218,-86.975
724,79231.7,4.27563,-88.5573
725,79965.5,4.06407,-89.9898
726,80706.2,3.8742,-91.067
727,81453.7,4.04261,-91.8717
728,82208.2,3.99887,-92.896
729,82969.6,3.77353,-92.9425
730,83738.1,3.88454,-94.1789
731,84513.7,3.64614,-95.3019
732,85296.4,3.67212,-96.0869
733,86086.5,3.43665,-98.3426
734,86883.8,3.32428,-97.8173
735,87688.6,3.27465,-97.7347
736,88500.7,3.21397,-99.6254
737,89320.5,3.13404,-101.362
738,90147.8,3.09463,-102.254
739,90982.7,2.70271,-102.62
740,91825.4,2.96687,-103.892
741,92675.9,2.61029,-103.397
742,93534.3,2.59854,-106.908
743,94400.6,2.29277,-106.189
744,95275,2.48928,-107.429
745,96157.5,2.40765,-109.292
746,97048.1,2.19067,-108.225
747,97947,2.18614,-110.373
748,98854.2,2.10318,-112.167
749,99769.8,1.91279,-111.88
750,100694,1.77428,-112.432
751,101627,1.59207,-113.931
752,102568,1.51744,-115.635
753,103518,1.45287,-115.199
754,104477,1.36048,-116.504
755,105444,1.23383,-117.843
756,106421,1.12213,-118.686
757,107407,1.00345,-119.654
758,108401,0.816217,-120.54
759,109405,0.806004,-121.288
760,110419,0.757002,-122.763
761,111442,0.531356,-123.687
762,112474,0.42518,-124.58
763,113515,0.309463,-125.308
764,114567,0.16667,-126.555
765,115628,0.14464,-127.122
766,116699,0.00534716,-128.649
767,117780,-0.184874,-129.52
768,118871,-0.323804,-130.047
769,119972,-0.440019,-131.009
770,121083,-0.587472,-131.613
771,122204,-0.733299,-133.194
772,123336,-0.807866,-134.263
773,124479,-0.968439,-135.695
774,125632,-1.05427,-136.05
775,126795,-1.30512,-137.21
776,127970,-1.31836,-138.153
777,129155,-1.46823,-139.053
778,130351,-1.56196,-140.296
779,131559,-1.72383,-140.869
780,132777,-1.8316,-141.729
781,134007,-1.99907,-142.821
782,135248,-2.23925,-144.206
783,136501,-2.35512,-144.932
784,137765,-2.4228,-145.808
785,139041,-2.62924,-146.709
786,140329,-2.61418,-147.906
787,141629,-2.80079,-148.651
788,142940,-2.92503,-149.335
789,144264,-3.10257,-150.354
790,145601,-3.18781,-151.803
791,146949,-3.38221,-152.627
792,148310,-3.50116,-153.461
793,149684,-3.63504,-154.405
794,151070,-3.85403,-155.903
795,152470,-3.99163,-156.293
796,153882,-4.02365,-158.106
797,155307,-4.19949,-158.057
798,156746,-4.31234,-159.289
799,158197,-4.54032,-160.649
800,159663,-4.71942,-161.007
801,161141,-4.8516,-162.305
802,162634,-5.05819,-162.6
803,164140,-5.09558,-163.557
804,165661,-5.36136,-164.508
805,167195,-5.39408,-165.757
806,168744,-5.55221,-166.681
807,170307,-5.72476,-168.17
808,171884,-5.97764,-169.313
809,173476,-6.15717,-169.967
810,175083,-6.19461,-170.981
811,176704,-6.37575,-171.846
812,178341,-6.53909,-172.727
813,179993,-6.69745,-173.994
814,181660,-6.88559,-174.801
815,183343,-7.04472,-175.783
816,185041,-7.16946,-176.744
817,186755,-7.38284,-177.491
818,188484,-7.47369,-178.652
819,190230,-7.64628,-179.525
820,191992,-7.87964,179.547
821,193770,-8.0374,178.658
822,195565,-8.16584,177.395
823,197376,-8.37149,177.221
824,199205,-8.46772,176.178
825,201050,-8.81478,174.945
826,202912,-8.78589,174.608
827,204791,-8.93607,171.975
828,206688,-9.16263,170.601
829,208602,-9.62785,170.421
830,210535,-9.4933,171.654
831,212485,-9.76602,168.514
832,214453,-9.90002,168.354
833,216439,-9.98722,166.125
834,218444,-10.0559,166.284
835,220467,-10.6512,165.03
836,222509,-10.3559,165.358
837,224570,-10.7071,162.722
838,226650,-11.0223,162.084
839,228749,-11.197,159.633
840,230868,-11.05,160.387
841,233006,-11.8094,158.7
842,235164,-11.664,157.386
843,237342,-11.915,156.182
844,239541,-12.0661,157.278
845,241759,-12.4635,156.53
846,243999,-12.3281,151.224
847,246259,-12.6117,151.938
848,248539,-12.8075,150.427
849,250842,-12.7665,149.062
850,253165,-12.8063,147.841
851,255510,-13.2128,147.999
852,257876,-13.4692,149.588
853,260265,-13.4113,144.823
854,262675,-13.833,144.756
855,265108,-14.3199,144.975
856,267564,-14.7125,144.243
857,270042,-14.4114,142.156
858,272543,-14.8146,141.968
859,275068,-15.1908,141.844
860,277615,-15.0261,138.706
861,280187,-14.9687,138.739
862,282782,-15.1431,133.914
863,285401,-15.6179,135.301
864,288044,-15.9655,132.292
865,290712,-15.8579,129.734
866,293405,-16.0003,132.31
867,296123,-16.0288,130.148
868,298865,-17.3703,132.081
869,301633,-16.6112,127.524
870,304427,-17.5342,129.63
871,307247,-17.1041,125.549
872,310093,-16.9815,127.257
873,312965,-17.0981,129.918
874,315864,-17.9366,123.379
875,318789,-17.5652,117.959
876,321742,-17.9621,120.297
877,324722,-17.9237,116.261
878,327729,-18.4914,117.863
879,330765,-18.3171,119.525
880,333829,-18.0075,114.716
881,336921,-19.4744,113.419
882,340041,-19.1611,120.767
883,343191,-19.1365,112.197
884,346369,-19.032,115.391
885,349578,-19.5876,108.352
886,352815,-19.2297,111.486
887,356083,-20.0095,106.417
888,359381,-21.2084,110.853
889,362710,-20.3444,103.918
890,366070,-19.931,106.284
891,369460,-21.0313,103.199
892,372882,-20.4416,107.203
893,376336,-21.5815,100.946
894,379822,-20.5641,97.6206
895,383340,-22.0179,98.4624
896,386890,-21.1769,89.2918
897,390474,-21.9814,97.1663
898,394090,-22.7825,81.0121
899,397740,-22.6349,89.3639
900,401424,-24.5151,99.5455
901,405142,-22.0959,90.0993
902,408895,-23.1628,72.1781
903,412682,-23.5886,94.0677
904,416504,-23.374,85.5316
905,420362,-22.3764,84.2086
906,424256,-23.8305,84.4571
907,428185,-24.876,96.126
908,432151,-23.3467,81.5741
909,436154,-23.3944,65.8964
910,440194,-23.1664,79.0083
911,444271,-24.2247,78.0148
912,448386,-24.0163,87.6868
913,452539,-24.2316,78.0959
914,456730,-22.6818,75.1797
915,460960,-24.1891,68.764
916,465230,-23.4093,88.2517
917,469539,-27.2532,73.2847
918,473888,-25.3055,74.514
919,478277,-24.0042,85.2358
920,482707,-25.5638,78.8693
921,487178,-25.5153,66.5418
922,491690,-24.3823,56.0688
923,496244,-26.425,72.7714
924,500841,-26.0149,87.0729
925,505480,-27.7011,72.1147
926,510162,-25.7878,63.862
927,514887,-30.1959,60.8941
928,519656,-25.9308,50.9166
929,524469,-25.8158,61.6818
930,529327,-30.7058,50.9264
931,534229,-27.631,67.3014
932,539177,-26.1686,57.9175
933,544171,-29.037,78.4211
934,549212,-26.8613,46.0496
935,554299,-26.6571,54.092
936,559433,-29.0005,36.5574
937,564614,-25.5424,50.797
938,569844,-26.8145,56.9396
939,575122,-25.1148,69.6145
940,580449,-29.4035,63.7357
941,585825,-26.9502,47.2473
942,591251,-24.1797,47.5412
943,596727,-25.2503,57.5133
944,602254,-26.315,52.672
945,607832,-23.8335,41.7299
946,613462,-29.3207,50.4825
947,619144,-26.7791,56.9666
948,624879,-26.687,46.0393
949,630667,-24.3178,44.4702
950,636508,-26.7064,55.3587
951,642403,-27.1437,40.164
952,648353,-31.3139,30.1639
953,654359,-25.0756,52.4535
954,660419,-28.2094,34.596
955,666536,-26.7675,39.4002
956,672710,-29.1448,17.8196
957,678941,-26.517,21.1336
958,685229,-25.7905,39.451
959,691576,-23.7532,45.3417
960,697981,-27.3079,54.2816
961,704446,-25.6133,44.7077
962,710971,-26.3069,36.1936
963,717556,-24.8311,47.0728
964,724202,-24.5304,38.1991
965,730910,-26.0101,39.5684
966,737680,-26.2518,24.7728
967,744512,-24.403,42.9142
968,751408,-27.5209,44.2975
969,758368,-26.3464,37.4333
970,765392,-26.7413,26.5636
971,772481,-31.0077,10.8262
972,779636,-25.4003,33.5637
973,786857,-25.184,24.652
974,794145,-26.9032,13.4714
975,801501,-23.6308,25.4045
976,808924,-24.7945,30.0916
977,816417,-27.2743,30.6477
978,823979,-26.8596,5.09393
979,831610,-26.1563,14.2344
980,839313,-23.7383,6.70933
981,847087,-26.858,29.9406
982,854933,-26.1242,-0.74253
983,862851,-27.3898,13.2739
984,870843,-24.2639,16.6106
985,878909,-26.153,27.7358
986,887050,-25.7652,-6.42307
987,895266,-27.7139,17.4202
988,903558,-26.8719,-0.157318
989,911927,-29.3331,17.9499
990,920373,-28.586,19.8496
991,928898,-26.0172,15.6922
992,937502,-28.4002,-9.32408
993,946185,-26.6054,-4.48606
994,954949,-26.6265,17.3389
995,963793,-27.2469,17.5114
996,972720,-27.0245,-19.8637
997,981730,-29.4669,-12.8646
998,990823,-26.711,-8.33334
999,1e+06,-27.7063,-3.51087
